id,brand,text,golden_intent,predicted_intent,confidence,top_similarity,ground_truth_decision,ground_truth_reason,agent_decision,agent_reason,is_match,case_type
1,AirAsiaSupport,@AirAsiaSupport hi! AirAsia delayed my flight and I did received an email on the changes but there is no link given on the email for,flight_travel_disruption,flight_travel_disruption,0.3148,0.23,AUTO_HANDLE,Standard status or troubleshooting guidance,ESCALATE_HUMAN,LOW_CONFIDENCE: Classifier confidence (0.31) below threshold (0.45),False,FALSE_POSITIVE
2,SouthwestAir,@120944 @SouthwestAir Is there a way to update a boarding pass to include pre-check? (Forgot to enter KTN before checking in online.),flight_travel_disruption,flight_travel_disruption,0.2259,0.2639,AUTO_HANDLE,Standard status or troubleshooting guidance,ESCALATE_HUMAN,LOW_CONFIDENCE: Classifier confidence (0.23) below threshold (0.45),False,FALSE_POSITIVE
3,SouthwestAir,@SouthwestAir SWA 2971 how the hell do you have a delay for 10 min scheduled maintenance 5 hours before the scheduled flight. That shit should have been done first thing in the morning before the flights began.,flight_travel_disruption,flight_travel_disruption,0.2386,0.1718,AUTO_HANDLE,Standard status or troubleshooting guidance,ESCALATE_HUMAN,LOW_CONFIDENCE: Classifier confidence (0.24) below threshold (0.45),False,FALSE_POSITIVE
4,AirAsiaSupport,@AirAsiaSupport I am struggling with your online chat support. We need to rebook onto a Bali > Singapore flight. Preferably Wednesday or 502 or 504 on Thursday (11/30) so we can make our flight back to the US...,flight_travel_disruption,flight_travel_disruption,0.4336,0.2293,AUTO_HANDLE,Standard status or troubleshooting guidance,ESCALATE_HUMAN,LOW_CONFIDENCE: Classifier confidence (0.43) below threshold (0.45),False,FALSE_POSITIVE
5,British_Airways,@British_Airways great lost luggage site BA! Link you texted automatically goes to local language with no clearly visible option to switch.,flight_travel_disruption,flight_travel_disruption,0.2442,0.2043,ESCALATE_HUMAN,Escalated severity or negative sentiment,ESCALATE_HUMAN,LOW_CONFIDENCE: Classifier confidence (0.24) below threshold (0.45),True,TRUE_POSITIVE
6,AmericanAir,"@AmericanAir just love to start my travels with a rude gate attendant, super awesome",flight_travel_disruption,flight_travel_disruption,0.2847,0.2276,AUTO_HANDLE,Standard status or troubleshooting guidance,ESCALATE_HUMAN,LOW_CONFIDENCE: Classifier confidence (0.28) below threshold (0.45),False,FALSE_POSITIVE
7,Delta,"First time flying @Delta, delayed an hour already. Should've just drove.",flight_travel_disruption,flight_travel_disruption,0.3603,0.2436,AUTO_HANDLE,Standard status or troubleshooting guidance,ESCALATE_HUMAN,LOW_CONFIDENCE: Classifier confidence (0.36) below threshold (0.45),False,FALSE_POSITIVE
8,AmericanAir,Delay.Ran from B12 to A5 in PDX. Missed flight. Rebooked to flight 10 min later. Ran back to B14. Thanks for the fitness class @AmericanAir,flight_travel_disruption,flight_travel_disruption,0.4577,0.2083,AUTO_HANDLE,Standard status or troubleshooting guidance,AUTO_HANDLE,High intent confidence (0.46) and strong historical grounding (0.21) for routine 'flight_travel_disruption' without risk triggers.,True,TRUE_NEGATIVE
9,VirginTrains,"@VirginTrains I’m filling out a Delay Repay form, however your system is unable to locate Accrington in Destination Station",flight_travel_disruption,flight_travel_disruption,0.1721,0.3201,AUTO_HANDLE,Standard status or troubleshooting guidance,ESCALATE_HUMAN,LOW_CONFIDENCE: Classifier confidence (0.17) below threshold (0.45),False,FALSE_POSITIVE
10,SouthwestAir,@SouthwestAir ABANDONED ME IN ORLANDO!! 25 empty seats on the flight. Plane still at gate&wouldn't let me on!! Outrageous !!! @513876,flight_travel_disruption,flight_travel_disruption,0.4694,0.2035,AUTO_HANDLE,Standard status or troubleshooting guidance,AUTO_HANDLE,High intent confidence (0.47) and strong historical grounding (0.20) for routine 'flight_travel_disruption' without risk triggers.,True,TRUE_NEGATIVE
11,GWRHelp,"@GWRHelp 2nd time in a week your app shows a delay of 3 min, then changes to on time (forcing me to rush to station) then an 11-min delay",flight_travel_disruption,flight_travel_disruption,0.1967,0.1612,AUTO_HANDLE,Standard status or troubleshooting guidance,ESCALATE_HUMAN,LOW_CONFIDENCE: Classifier confidence (0.20) below threshold (0.45),False,FALSE_POSITIVE
12,AirAsiaSupport,@115802 Baggage broken by rude mishandling of ground staff from Delhi to Goa.Awaiting response. https://t.co/zEnulXTGGc,flight_travel_disruption,flight_travel_disruption,0.1863,0.1949,AUTO_HANDLE,Standard status or troubleshooting guidance,ESCALATE_HUMAN,LOW_CONFIDENCE: Classifier confidence (0.19) below threshold (0.45),False,FALSE_POSITIVE
13,Delta,". @Delta on the way to Wisconsin I sat on the runway for an hour and a half and was delayed in the air for 45 mins before landing. Now my return flight is delayed 2 hours without explanation, only alternate flights are tomorrow... smh",flight_travel_disruption,flight_travel_disruption,0.4051,0.1944,AUTO_HANDLE,Standard status or troubleshooting guidance,ESCALATE_HUMAN,LOW_CONFIDENCE: Classifier confidence (0.41) below threshold (0.45),False,FALSE_POSITIVE
14,VirginTrains,@VirginTrains are a joke. Outward train delayed and return train cancelled. Ticket cost 71.50 but you only refund 38.50?! Your delay repay seems to be a load of shit! #badcustomerservice #virgintrainslie,flight_travel_disruption,flight_travel_disruption,0.184,0.2725,ESCALATE_HUMAN,Financial/Ticketing transactional action required,ESCALATE_HUMAN,LOW_CONFIDENCE: Classifier confidence (0.18) below threshold (0.45),True,TRUE_POSITIVE
15,AmericanAir,@AmericanAir Oh and having your gate people tells us to buy whatever we need besides water for our flight home...it’s a 6 hour flight.,flight_travel_disruption,flight_travel_disruption,0.5321,0.2443,AUTO_HANDLE,Standard status or troubleshooting guidance,AUTO_HANDLE,High intent confidence (0.53) and strong historical grounding (0.24) for routine 'flight_travel_disruption' without risk triggers.,True,TRUE_NEGATIVE
16,GWRHelp,@GWRHelp haven't heard anything from you and my train was two hours delayed. So what's the deal? https://t.co/BTn0RrlkJR,flight_travel_disruption,flight_travel_disruption,0.1714,0.2789,AUTO_HANDLE,Standard status or troubleshooting guidance,ESCALATE_HUMAN,LOW_CONFIDENCE: Classifier confidence (0.17) below threshold (0.45),False,FALSE_POSITIVE
17,British_Airways,"@British_Airways sat on flight BA 1375 delayed 3 hours . Never again; 😠👎
@VirginTrains is the future should never of changed #internelflight",flight_travel_disruption,flight_travel_disruption,0.4618,0.2641,AUTO_HANDLE,Standard status or troubleshooting guidance,AUTO_HANDLE,High intent confidence (0.46) and strong historical grounding (0.26) for routine 'flight_travel_disruption' without risk triggers.,True,TRUE_NEGATIVE
18,Delta,@Delta can 2 people travelling on the same booking pool their luggage allowance?,flight_travel_disruption,flight_travel_disruption,0.2734,0.1931,AUTO_HANDLE,Standard status or troubleshooting guidance,ESCALATE_HUMAN,LOW_CONFIDENCE: Classifier confidence (0.27) below threshold (0.45),False,FALSE_POSITIVE
19,GWRHelp,"Morning @GWRHelp. The 06.31 OLF is delayed, but no reason has been given. Can you tell me why, and of it is likely to run? Thanks.",flight_travel_disruption,flight_travel_disruption,0.1445,0.1608,AUTO_HANDLE,Standard status or troubleshooting guidance,ESCALATE_HUMAN,LOW_CONFIDENCE: Classifier confidence (0.14) below threshold (0.45),False,FALSE_POSITIVE
20,VirginTrains,@VirginTrains I was wondering why the 19:17 to Manchester Piccadilly from Euston is delayed?,flight_travel_disruption,flight_travel_disruption,0.2506,0.4919,AUTO_HANDLE,Standard status or troubleshooting guidance,ESCALATE_HUMAN,LOW_CONFIDENCE: Classifier confidence (0.25) below threshold (0.45),False,FALSE_POSITIVE
21,AskeBay,"@AskeBay need assistance. Bought item, due to be delivered Saturday. Never received item, despite being marked as delivered. No response from seller, delivery services cannot assist with lost/missing package. Please advise.",order_delivery_issue,order_delivery_issue,0.3863,0.1768,AUTO_HANDLE,Standard status or troubleshooting guidance,ESCALATE_HUMAN,LOW_CONFIDENCE: Classifier confidence (0.39) below threshold (0.45),False,FALSE_POSITIVE
22,Postmates_Help,Every time I order late night on postmates the driver always runs off with my food 👿,order_delivery_issue,order_delivery_issue,0.2577,0.1517,AUTO_HANDLE,Standard status or troubleshooting guidance,ESCALATE_HUMAN,LOW_CONFIDENCE: Classifier confidence (0.26) below threshold (0.45),False,FALSE_POSITIVE
23,DoorDash_Help,"Don't EVER use @116584 as a food delivery service, as it's abysmal. Waiting for Chinese for 90 minutes from a place 3 miles away.",order_delivery_issue,order_delivery_issue,0.1838,0.2862,AUTO_HANDLE,Standard status or troubleshooting guidance,ESCALATE_HUMAN,LOW_CONFIDENCE: Classifier confidence (0.18) below threshold (0.45),False,FALSE_POSITIVE
24,Uber_Support,I can't with @115873. Ordered car. Was outside. Driver drove past me. I had bags. Was walking to him. He canceled. I had to pay $5 + ⬇🌟,order_delivery_issue,billing_payment_dispute,0.2207,0.1904,AUTO_HANDLE,Standard status or troubleshooting guidance,ESCALATE_HUMAN,LOW_CONFIDENCE: Classifier confidence (0.22) below threshold (0.45),False,FALSE_POSITIVE
25,AmazonHelp,@115830 I had 2 sleeping toddlers when your delivery driver hammered on my door. Now I have my parcel and a sense of impending doom. #shh,order_delivery_issue,order_delivery_issue,0.3595,0.2477,AUTO_HANDLE,Standard status or troubleshooting guidance,ESCALATE_HUMAN,LOW_CONFIDENCE: Classifier confidence (0.36) below threshold (0.45),False,FALSE_POSITIVE
26,DoorDash_Help,"When did @116584 start charging an $8 DELIVERY FEE. 

I'm just tryna get some 1AM Burger King and they're over here draining my wallet",order_delivery_issue,order_delivery_issue,0.2364,0.2263,AUTO_HANDLE,Standard status or troubleshooting guidance,ESCALATE_HUMAN,LOW_CONFIDENCE: Classifier confidence (0.24) below threshold (0.45),False,FALSE_POSITIVE
27,Tesco,hi @Tesco an answerphone message from your delivery driver ended with him saying 'fuck you' (he obviously thought he'd put the phone down),order_delivery_issue,order_delivery_issue,0.2957,0.1302,AUTO_HANDLE,Standard status or troubleshooting guidance,ESCALATE_HUMAN,LOW_CONFIDENCE: Classifier confidence (0.30) below threshold (0.45); WEAK_GROUNDING: Top retrieval similarity (0.13) below threshold (0.15),False,FALSE_POSITIVE
28,Tesco,"@Tesco thanks for the non delivery with no explanation. 3-5 day refund, now without shopping or my money. @sainsburys @117249 may be better?",order_delivery_issue,subscription_cancellation_refund,0.273,0.1843,ESCALATE_HUMAN,Financial/Ticketing transactional action required,ESCALATE_HUMAN,LOW_CONFIDENCE: Classifier confidence (0.27) below threshold (0.45),True,TRUE_POSITIVE
29,Postmates_Help,Wow and now a @116057 @Postmates_Help driver closing out the order when nobody has arrived with my food...... https://t.co/BHdLLk7k5W,order_delivery_issue,order_delivery_issue,0.2006,0.2166,AUTO_HANDLE,Standard status or troubleshooting guidance,ESCALATE_HUMAN,LOW_CONFIDENCE: Classifier confidence (0.20) below threshold (0.45),False,FALSE_POSITIVE
30,marksandspencer,@marksandspencer Received email today saying I was included in trial food delivery but when I tried to shop was told my postcode was not included! Can you explain this please to one very disappointed would-be shopper. Thank you,order_delivery_issue,order_delivery_issue,0.2119,0.1543,AUTO_HANDLE,Standard status or troubleshooting guidance,ESCALATE_HUMAN,LOW_CONFIDENCE: Classifier confidence (0.21) below threshold (0.45),False,FALSE_POSITIVE
31,AmazonHelp,"@115821 seems like Amazon is in no mood to deliver the product to #kolkata,second product not delivered on account ""prod damaged in transit""",order_delivery_issue,order_delivery_issue,0.196,0.2909,AUTO_HANDLE,Standard status or troubleshooting guidance,ESCALATE_HUMAN,LOW_CONFIDENCE: Classifier confidence (0.20) below threshold (0.45),False,FALSE_POSITIVE
32,ArgosHelpers,@ArgosHelpers Terrible delivery service even worse paying extra for a time slot #3hourslate,order_delivery_issue,order_delivery_issue,0.2982,0.239,AUTO_HANDLE,Standard status or troubleshooting guidance,ESCALATE_HUMAN,LOW_CONFIDENCE: Classifier confidence (0.30) below threshold (0.45),False,FALSE_POSITIVE
33,ArgosHelpers,"@116245 
I purchased this Monday with same-day delivery, but I haven't received all my items until today(Friday)...wonderful service..",order_delivery_issue,order_delivery_issue,0.345,0.2862,AUTO_HANDLE,Standard status or troubleshooting guidance,ESCALATE_HUMAN,LOW_CONFIDENCE: Classifier confidence (0.35) below threshold (0.45),False,FALSE_POSITIVE
34,AmazonHelp,@115821 I placed an order redmi note4 on 25th oct. Expected​ delivery date 3rd nov. But I have not got it till now. We did not know that amazon is a poor service provider. My tracking id 179466109. Please help me to quick delivery.,order_delivery_issue,order_delivery_issue,0.373,0.2319,AUTO_HANDLE,Standard status or troubleshooting guidance,ESCALATE_HUMAN,LOW_CONFIDENCE: Classifier confidence (0.37) below threshold (0.45),False,FALSE_POSITIVE
35,Tesco,Rather dodgy that shopping on @Tesco with a free delivery saver trial there are no slots available but without it there are slots available!,order_delivery_issue,order_delivery_issue,0.1754,0.1881,AUTO_HANDLE,Standard status or troubleshooting guidance,ESCALATE_HUMAN,LOW_CONFIDENCE: Classifier confidence (0.18) below threshold (0.45),False,FALSE_POSITIVE
36,Uber_Support,@Uber_Support I was severely undercharged for a long trip. How can I make sure the driver gets paid the right amount? Help forms aren't working and in-app help doesn't have this as an issue I can select.,order_delivery_issue,billing_payment_dispute,0.1966,0.1794,AUTO_HANDLE,Standard status or troubleshooting guidance,ESCALATE_HUMAN,LOW_CONFIDENCE: Classifier confidence (0.20) below threshold (0.45),False,FALSE_POSITIVE
37,ArgosHelpers,"@ArgosHelpers waiting in for delivery and a note on the tracking says ‘We tried to deliver your parcel but couldn't access your property’. Really, never had this issue with anyone else in 20 years!? We were in and no one was outside? No call for help?",order_delivery_issue,order_delivery_issue,0.2567,0.1793,AUTO_HANDLE,Standard status or troubleshooting guidance,ESCALATE_HUMAN,LOW_CONFIDENCE: Classifier confidence (0.26) below threshold (0.45),False,FALSE_POSITIVE
38,marksandspencer,@marksandspencer You should be informed your customers of a very convincing email scam claiming you are doing food delivery offering 20% off. I contacted your web chat and they were not that helpful.,order_delivery_issue,product_inquiry_availability,0.1729,0.1781,AUTO_HANDLE,Standard status or troubleshooting guidance,ESCALATE_HUMAN,LOW_CONFIDENCE: Classifier confidence (0.17) below threshold (0.45),False,FALSE_POSITIVE
39,Uber_Support,Why is everyone that works for @115873 literally the worst driver on the road at any given time,order_delivery_issue,order_delivery_issue,0.1758,0.2625,ESCALATE_HUMAN,Escalated severity or negative sentiment,ESCALATE_HUMAN,LOW_CONFIDENCE: Classifier confidence (0.18) below threshold (0.45),True,TRUE_POSITIVE
40,UPSHelp,"@115817 don't tell your customers lies! Like "" our driver will pick it up"" and then never show up. Take the package to the store and a week",order_delivery_issue,order_delivery_issue,0.4212,0.2088,AUTO_HANDLE,Standard status or troubleshooting guidance,ESCALATE_HUMAN,LOW_CONFIDENCE: Classifier confidence (0.42) below threshold (0.45),False,FALSE_POSITIVE
41,AppleSupport,@AppleSupport ios 11.0.3 on 6s. Cannot adjust alarm volume so waking up all in my house and neighbours despite ringer being set to minimum!,technical_hardware_software_bug,technical_hardware_software_bug,0.3591,0.2701,AUTO_HANDLE,Standard status or troubleshooting guidance,ESCALATE_HUMAN,LOW_CONFIDENCE: Classifier confidence (0.36) below threshold (0.45),False,FALSE_POSITIVE
42,AppleSupport,I half asleep did the update on my iPhone by accident and the battery life sucks. Went from 73% to 68% from opening an app. @115858 wtf?,technical_hardware_software_bug,technical_hardware_software_bug,0.4595,0.3171,AUTO_HANDLE,Standard status or troubleshooting guidance,AUTO_HANDLE,High intent confidence (0.46) and strong historical grounding (0.32) for routine 'technical_hardware_software_bug' without risk triggers.,True,TRUE_NEGATIVE
43,AppleSupport,Please fix the battery issues in Ios 11! @AppleSupport @115858,technical_hardware_software_bug,technical_hardware_software_bug,0.706,0.3937,AUTO_HANDLE,Standard status or troubleshooting guidance,AUTO_HANDLE,High intent confidence (0.71) and strong historical grounding (0.39) for routine 'technical_hardware_software_bug' without risk triggers.,True,TRUE_NEGATIVE
44,AskPlayStation,@AskPlayStation what can I do to get the new 5.01 update as is keeps telling me there’s an error when trying to update,technical_hardware_software_bug,technical_hardware_software_bug,0.3082,0.2118,AUTO_HANDLE,Standard status or troubleshooting guidance,ESCALATE_HUMAN,LOW_CONFIDENCE: Classifier confidence (0.31) below threshold (0.45),False,FALSE_POSITIVE
45,AskPlayStation,@AskPlayStation my ps4 keeps freezing and I wait for hours for it to unfreeze but it doesn’t so it forces me to keep unplugging it,technical_hardware_software_bug,technical_hardware_software_bug,0.1471,0.2258,AUTO_HANDLE,Standard status or troubleshooting guidance,ESCALATE_HUMAN,LOW_CONFIDENCE: Classifier confidence (0.15) below threshold (0.45),False,FALSE_POSITIVE
46,AskPlayStation,"@AskPlayStation my PS4 pro has an audio problem. Game plays fine, but the sound stutters... do you know a fix?",technical_hardware_software_bug,technical_hardware_software_bug,0.187,0.2969,AUTO_HANDLE,Standard status or troubleshooting guidance,ESCALATE_HUMAN,LOW_CONFIDENCE: Classifier confidence (0.19) below threshold (0.45),False,FALSE_POSITIVE
47,MicrosoftHelps,"@MicrosoftHelps i have disabled the auto reboot of windows 10, yet it STILL DID IT. i own the hardware, i paid you money for the OS, yet you control my pc... fix it",technical_hardware_software_bug,technical_hardware_software_bug,0.1521,0.2104,AUTO_HANDLE,Standard status or troubleshooting guidance,ESCALATE_HUMAN,LOW_CONFIDENCE: Classifier confidence (0.15) below threshold (0.45),False,FALSE_POSITIVE
48,MicrosoftHelps,@MicrosoftHelps xbox 1 call of duty keeps freezing and wont install past 54%. All im getting is errors.,technical_hardware_software_bug,technical_hardware_software_bug,0.2348,0.1218,AUTO_HANDLE,Standard status or troubleshooting guidance,ESCALATE_HUMAN,LOW_CONFIDENCE: Classifier confidence (0.23) below threshold (0.45); WEAK_GROUNDING: Top retrieval similarity (0.12) below threshold (0.15),False,FALSE_POSITIVE
49,MicrosoftHelps,.@MicrosoftHelps my dad's Windows 7 computer just got a critical update this morning that erased all of his files. Know what that's about?,technical_hardware_software_bug,technical_hardware_software_bug,0.2628,0.1661,AUTO_HANDLE,Standard status or troubleshooting guidance,ESCALATE_HUMAN,LOW_CONFIDENCE: Classifier confidence (0.26) below threshold (0.45),False,FALSE_POSITIVE
50,SpotifyCares,@SpotifyCares The buttons on my headphones don’t pause my music anymore. Is this a Spotify or an iOS 11 issue?,technical_hardware_software_bug,technical_hardware_software_bug,0.4816,0.2455,AUTO_HANDLE,Standard status or troubleshooting guidance,AUTO_HANDLE,High intent confidence (0.48) and strong historical grounding (0.25) for routine 'technical_hardware_software_bug' without risk triggers.,True,TRUE_NEGATIVE
51,SpotifyCares,@SpotifyCares The iOS UI is broken on iPhone X 🙁 I can’t access search (watch bottom of screen) https://t.co/L9uYEU7Vr4,technical_hardware_software_bug,technical_hardware_software_bug,0.446,0.383,AUTO_HANDLE,Standard status or troubleshooting guidance,ESCALATE_HUMAN,LOW_CONFIDENCE: Classifier confidence (0.45) below threshold (0.45),False,FALSE_POSITIVE
52,SpotifyCares,"@115888 next update: make a sleep timer option. also, try and get comparability with Siri.",technical_hardware_software_bug,technical_hardware_software_bug,0.3,0.3116,AUTO_HANDLE,Standard status or troubleshooting guidance,ESCALATE_HUMAN,LOW_CONFIDENCE: Classifier confidence (0.30) below threshold (0.45),False,FALSE_POSITIVE
53,XboxSupport,@XboxSupport Why the fuck does the @204967 always crash? Like every damn time I go to use it. Trash. https://t.co/au3UwSwiCb,technical_hardware_software_bug,order_delivery_issue,0.1721,0.2561,AUTO_HANDLE,Standard status or troubleshooting guidance,ESCALATE_HUMAN,LOW_CONFIDENCE: Classifier confidence (0.17) below threshold (0.45),False,FALSE_POSITIVE
54,XboxSupport,@XboxSupport Since the latest update everytime I turn the console on I have to manually restart all downloads. When will you fix this?,technical_hardware_software_bug,technical_hardware_software_bug,0.3557,0.215,AUTO_HANDLE,Standard status or troubleshooting guidance,ESCALATE_HUMAN,LOW_CONFIDENCE: Classifier confidence (0.36) below threshold (0.45),False,FALSE_POSITIVE
55,XboxSupport,@115786 @XboxSupport over $500 to get the black screen of death constantly! 4th reboot tonight https://t.co/MMyMywGDkR,technical_hardware_software_bug,technical_hardware_software_bug,0.2109,0.2391,AUTO_HANDLE,Standard status or troubleshooting guidance,ESCALATE_HUMAN,LOW_CONFIDENCE: Classifier confidence (0.21) below threshold (0.45),False,FALSE_POSITIVE
56,AppleSupport,@AppleSupport Why can't I enable battery percentage on iPhone X? I always turn that on. Huge disappointment!,technical_hardware_software_bug,technical_hardware_software_bug,0.3593,0.2771,AUTO_HANDLE,Standard status or troubleshooting guidance,ESCALATE_HUMAN,LOW_CONFIDENCE: Classifier confidence (0.36) below threshold (0.45),False,FALSE_POSITIVE
57,AppleSupport,Curses and damnation upon the new @115858 iOS for breaking all my apps. Annoying as hell.,technical_hardware_software_bug,technical_hardware_software_bug,0.4139,0.252,AUTO_HANDLE,Standard status or troubleshooting guidance,ESCALATE_HUMAN,LOW_CONFIDENCE: Classifier confidence (0.41) below threshold (0.45),False,FALSE_POSITIVE
58,AppleSupport,"Ok so @AppleSupport you told me to again update my phone, did that (stupidly) and my battery still won’t last an hour. WAG1?",technical_hardware_software_bug,technical_hardware_software_bug,0.4051,0.2211,AUTO_HANDLE,Standard status or troubleshooting guidance,ESCALATE_HUMAN,LOW_CONFIDENCE: Classifier confidence (0.41) below threshold (0.45),False,FALSE_POSITIVE
59,AppleSupport,Want to chat about how #iphonex is not connecting to Bluetooth headphones @AppleSupport or how when by all appearances on phone they are connected but no sound?,technical_hardware_software_bug,technical_hardware_software_bug,0.1536,0.2485,AUTO_HANDLE,Standard status or troubleshooting guidance,ESCALATE_HUMAN,LOW_CONFIDENCE: Classifier confidence (0.15) below threshold (0.45),False,FALSE_POSITIVE
60,AppleSupport,@118936 need iOS 11 update to this app. How to contact the developer? #SriLanka #Sinhala @AppleSupport https://t.co/mxqJlquADC,technical_hardware_software_bug,technical_hardware_software_bug,0.6271,0.3931,AUTO_HANDLE,Standard status or troubleshooting guidance,AUTO_HANDLE,High intent confidence (0.63) and strong historical grounding (0.39) for routine 'technical_hardware_software_bug' without risk triggers.,True,TRUE_NEGATIVE
61,AmazonHelp,"@AmazonHelp hey guys, restaurants promo code - never used and expires in December. Not working? Why's that?",billing_payment_dispute,billing_payment_dispute,0.1951,0.2625,ESCALATE_HUMAN,Billing discrepancy requiring ledger inspection,ESCALATE_HUMAN,LOW_CONFIDENCE: Classifier confidence (0.20) below threshold (0.45),True,TRUE_POSITIVE
62,CoxHelp,@CoxHelp absolutely ridiculous the amount of money charged per month and so many outages and issues ..once again no cable no internet,billing_payment_dispute,service_outage_connectivity,0.3153,0.1472,ESCALATE_HUMAN,Billing discrepancy requiring ledger inspection,ESCALATE_HUMAN,LOW_CONFIDENCE: Classifier confidence (0.32) below threshold (0.45); WEAK_GROUNDING: Top retrieval similarity (0.15) below threshold (0.15),True,TRUE_POSITIVE
63,AppleSupport,"@AppleSupport this update sucks my phone needs to be charged 3 times a day, please fix. 100% this morning at 7:00 and it’s already at 49%.",billing_payment_dispute,technical_hardware_software_bug,0.2879,0.2727,ESCALATE_HUMAN,Billing discrepancy requiring ledger inspection,ESCALATE_HUMAN,LOW_CONFIDENCE: Classifier confidence (0.29) below threshold (0.45),True,TRUE_POSITIVE
64,ATVIAssist,"@115765 I bought cod points and they’re not showing up, my card has been charged and I’ve reset the game 2x.",billing_payment_dispute,billing_payment_dispute,0.2913,0.1662,ESCALATE_HUMAN,Billing discrepancy requiring ledger inspection,ESCALATE_HUMAN,LOW_CONFIDENCE: Classifier confidence (0.29) below threshold (0.45),True,TRUE_POSITIVE
65,Postmates_Help,"@Postmates_Help I️ have been charged 4 times for my order, and it’s nearing 48 hours since delivery. Please fix this situation.",billing_payment_dispute,billing_payment_dispute,0.3029,0.2022,ESCALATE_HUMAN,Billing discrepancy requiring ledger inspection,ESCALATE_HUMAN,LOW_CONFIDENCE: Classifier confidence (0.30) below threshold (0.45),True,TRUE_POSITIVE
66,Safaricom_Care,@Safaricom_Care how much will I be charged to call Oman number using my safaricom line,billing_payment_dispute,billing_payment_dispute,0.2651,0.2323,ESCALATE_HUMAN,Billing discrepancy requiring ledger inspection,ESCALATE_HUMAN,LOW_CONFIDENCE: Classifier confidence (0.27) below threshold (0.45),True,TRUE_POSITIVE
67,XboxSupport,"@XboxSupport your marketplace is terrible,you charged me for a game and its not even in my ready to install. Its gone!",billing_payment_dispute,billing_payment_dispute,0.2455,0.1679,ESCALATE_HUMAN,Billing discrepancy requiring ledger inspection,ESCALATE_HUMAN,LOW_CONFIDENCE: Classifier confidence (0.25) below threshold (0.45),True,TRUE_POSITIVE
68,TMobileHelp,@115911 is sneaky trying to tell me my card was declined when my bank confirmed in three way call it was never charged!,billing_payment_dispute,billing_payment_dispute,0.3009,0.1882,ESCALATE_HUMAN,Billing discrepancy requiring ledger inspection,ESCALATE_HUMAN,LOW_CONFIDENCE: Classifier confidence (0.30) below threshold (0.45),True,TRUE_POSITIVE
69,SpotifyCares,@SpotifyCares hey can you please send me the promo code for the majid jordan spotify presale i love majid and i have a spotify account THX,billing_payment_dispute,billing_payment_dispute,0.2653,0.256,ESCALATE_HUMAN,Billing discrepancy requiring ledger inspection,ESCALATE_HUMAN,LOW_CONFIDENCE: Classifier confidence (0.27) below threshold (0.45),True,TRUE_POSITIVE
70,AskeBay,@63657 charged me 2 bucks for 4 seeds and not 1 of them germinated. Dissipointed next year @115937,billing_payment_dispute,billing_payment_dispute,0.4387,0.2036,ESCALATE_HUMAN,Billing discrepancy requiring ledger inspection,ESCALATE_HUMAN,LOW_CONFIDENCE: Classifier confidence (0.44) below threshold (0.45),True,TRUE_POSITIVE
71,comcastcares,.@comcastcares tired of getting charged for equipment that was returned months ago. Please stop it.,billing_payment_dispute,billing_payment_dispute,0.4204,0.1868,ESCALATE_HUMAN,Billing discrepancy requiring ledger inspection,ESCALATE_HUMAN,LOW_CONFIDENCE: Classifier confidence (0.42) below threshold (0.45),True,TRUE_POSITIVE
72,idea_cares,@idea_cares I am utterly dissatisfied with idea.My dad is a postpaid user and will soon port from idea. He is been charged a lot extra money,billing_payment_dispute,billing_payment_dispute,0.2458,0.2322,ESCALATE_HUMAN,Billing discrepancy requiring ledger inspection,ESCALATE_HUMAN,LOW_CONFIDENCE: Classifier confidence (0.25) below threshold (0.45),True,TRUE_POSITIVE
73,AskLyft,@115879 how did my fare more than double from the original fare I accepted??? That's just wrong!,billing_payment_dispute,billing_payment_dispute,0.2977,0.1736,ESCALATE_HUMAN,Billing discrepancy requiring ledger inspection,ESCALATE_HUMAN,LOW_CONFIDENCE: Classifier confidence (0.30) below threshold (0.45),True,TRUE_POSITIVE
74,ArgosHelpers,"22 identical sealed boxes. A quarter of a million pounds. Just one question.

Have Argos overcharged me?",billing_payment_dispute,billing_payment_dispute,0.175,0.1761,ESCALATE_HUMAN,Billing discrepancy requiring ledger inspection,ESCALATE_HUMAN,LOW_CONFIDENCE: Classifier confidence (0.17) below threshold (0.45),True,TRUE_POSITIVE
75,TfL,Hello @TfL - I’ve got a Z1/2 travelcard. Could you tell me why I get charged extra every time I go from High & Is > Hackney Central please?,billing_payment_dispute,billing_payment_dispute,0.2809,0.1976,ESCALATE_HUMAN,Billing discrepancy requiring ledger inspection,ESCALATE_HUMAN,LOW_CONFIDENCE: Classifier confidence (0.28) below threshold (0.45),True,TRUE_POSITIVE
76,ChipotleTweets,@ChipotleTweets I also was charged full price 😞 https://t.co/oDo7kDKeqc,billing_payment_dispute,billing_payment_dispute,0.4164,0.3268,ESCALATE_HUMAN,Billing discrepancy requiring ledger inspection,ESCALATE_HUMAN,LOW_CONFIDENCE: Classifier confidence (0.42) below threshold (0.45),True,TRUE_POSITIVE
77,AmericanAir,"Wow, just got charged $75 by @AmericanAir for booking an award flight that departs in under 21 days...let that sink in. I have to pay extra to book the flight, with points, by myself, online, which requires no work by them... #fail #FlySouthwest",billing_payment_dispute,flight_travel_disruption,0.3044,0.1943,ESCALATE_HUMAN,Billing discrepancy requiring ledger inspection,ESCALATE_HUMAN,LOW_CONFIDENCE: Classifier confidence (0.30) below threshold (0.45),True,TRUE_POSITIVE
78,AmazonHelp,@AmazonHelp I called customer service and was told my membership wouldn't be renewed. I was just charged today. How do I get a refund? https://t.co/SeoQUsA0VA,billing_payment_dispute,subscription_cancellation_refund,0.2392,0.1827,ESCALATE_HUMAN,Financial/Ticketing transactional action required,ESCALATE_HUMAN,LOW_CONFIDENCE: Classifier confidence (0.24) below threshold (0.45),True,TRUE_POSITIVE
79,CoxHelp,@116021 Is shady. Was told I would get an alert if we reached the additional 50gb for $10. I didn’t. Was charged $40 more and no alert.,billing_payment_dispute,billing_payment_dispute,0.422,0.1212,ESCALATE_HUMAN,Billing discrepancy requiring ledger inspection,ESCALATE_HUMAN,LOW_CONFIDENCE: Classifier confidence (0.42) below threshold (0.45); WEAK_GROUNDING: Top retrieval similarity (0.12) below threshold (0.15),True,TRUE_POSITIVE
80,AskPayPal,@AskPayPal hi PayPal today you have taken what I owed out of my bank and also of my paypal balance you have charged me twice ?,billing_payment_dispute,billing_payment_dispute,0.2181,0.3232,ESCALATE_HUMAN,Billing discrepancy requiring ledger inspection,ESCALATE_HUMAN,LOW_CONFIDENCE: Classifier confidence (0.22) below threshold (0.45),True,TRUE_POSITIVE
81,AskeBay,"Change your @115931 password and turn on two-step verification or else you, too, may receive a paypal receipt for a van reversing camera with a random delivery address in Walthamstow.",account_access_security,account_access_security,0.2191,0.102,ESCALATE_HUMAN,Security and account access requires verification,ESCALATE_HUMAN,SECURITY_INTENT: Account access or security compromise requires verification; LOW_CONFIDENCE: Classifier confidence (0.22) below threshold (0.45); WEAK_GROUNDING: Top retrieval similarity (0.10) below threshold (0.15),True,TRUE_POSITIVE
82,Uber_Support,"Yesterday I tweeted this. I decided to tweet the rest of my convo with @115873 Support, since my account has been hacked. https://t.co/NaLNlVU1Gm",account_access_security,account_access_security,0.2875,0.2249,ESCALATE_HUMAN,Security and account access requires verification,ESCALATE_HUMAN,SECURITY_INTENT: Account access or security compromise requires verification; LOW_CONFIDENCE: Classifier confidence (0.29) below threshold (0.45),True,TRUE_POSITIVE
83,hulu_support,@hulu_support Hi! Someone changed my password (hacked). Asked reset link x 3 over an hour ago - no email. Not in junk. What can I do?,account_access_security,account_access_security,0.5219,0.2823,ESCALATE_HUMAN,Security and account access requires verification,ESCALATE_HUMAN,SECURITY_INTENT: Account access or security compromise requires verification,True,TRUE_POSITIVE
84,AskPlayStation,@AskPlayStation hey my psn is not letting me sign in its giving me a error code 80710016 please help,account_access_security,account_access_security,0.4327,0.3652,ESCALATE_HUMAN,Security and account access requires verification,ESCALATE_HUMAN,SECURITY_INTENT: Account access or security compromise requires verification; LOW_CONFIDENCE: Classifier confidence (0.43) below threshold (0.45),True,TRUE_POSITIVE
85,XboxSupport,@XboxSupport Why does my Xbox one keep signing me out it tells me bye Trent sign in with a controller.,account_access_security,account_access_security,0.2186,0.2321,ESCALATE_HUMAN,Security and account access requires verification,ESCALATE_HUMAN,SECURITY_INTENT: Account access or security compromise requires verification; LOW_CONFIDENCE: Classifier confidence (0.22) below threshold (0.45),True,TRUE_POSITIVE
86,AmazonHelp,"@amazonhelp hey on this page https://t.co/QyYak6915Y the ""sign in using alternative factors"" link (which points to https://t.co/KHRDAymgz3) is broken and leads to a 404. which is kinda frustrating as i need to reset my 2FA https://t.co/qkmkfU7Jhj",account_access_security,account_access_security,0.3165,0.2567,ESCALATE_HUMAN,Security and account access requires verification,ESCALATE_HUMAN,SECURITY_INTENT: Account access or security compromise requires verification; LOW_CONFIDENCE: Classifier confidence (0.32) below threshold (0.45),True,TRUE_POSITIVE
87,Ask_WellsFargo,i went to check my bank account after last night and before i could even sign in Wells Fargo was letting me know it's not good. https://t.co/G4VCFDOS73,account_access_security,account_access_security,0.3273,0.3032,ESCALATE_HUMAN,Security and account access requires verification,ESCALATE_HUMAN,SECURITY_INTENT: Account access or security compromise requires verification; LOW_CONFIDENCE: Classifier confidence (0.33) below threshold (0.45),True,TRUE_POSITIVE
88,sprintcare,"@115714 Yeah, I'd 💛 to sign up for whatever crap you sent me the text abt, but your horrific user name/password rules are WAY too limiting.",account_access_security,account_access_security,0.285,0.1718,ESCALATE_HUMAN,Security and account access requires verification,ESCALATE_HUMAN,SECURITY_INTENT: Account access or security compromise requires verification; LOW_CONFIDENCE: Classifier confidence (0.29) below threshold (0.45),True,TRUE_POSITIVE
89,AmazonHelp,@115821 can you check my account as this is the third one of these I've had and last time I actually got hacked!!!,account_access_security,account_access_security,0.2404,0.1641,ESCALATE_HUMAN,Security and account access requires verification,ESCALATE_HUMAN,SECURITY_INTENT: Account access or security compromise requires verification; LOW_CONFIDENCE: Classifier confidence (0.24) below threshold (0.45),True,TRUE_POSITIVE
90,SpotifyCares,@SpotifyCares I can't log into my account as it's saying my password is incorrect but it's the same one I've used for years! I updated my email address but it's saying I don't have an account registered to that address?,account_access_security,account_access_security,0.541,0.2585,ESCALATE_HUMAN,Security and account access requires verification,ESCALATE_HUMAN,SECURITY_INTENT: Account access or security compromise requires verification,True,TRUE_POSITIVE
91,AskPlayStation,@AskPlayStation hi i cant connect to psn i do the internet test everythng goes right but the psn sign in always fail and error code ce339870,account_access_security,account_access_security,0.3243,0.3653,ESCALATE_HUMAN,Security and account access requires verification,ESCALATE_HUMAN,SECURITY_INTENT: Account access or security compromise requires verification; LOW_CONFIDENCE: Classifier confidence (0.32) below threshold (0.45),True,TRUE_POSITIVE
92,AppleSupport,"@applesupport I can't activate my iPhoneX - ""because the activation server is temporarily unavailable"" What's going on?",account_access_security,account_access_security,0.295,0.4769,ESCALATE_HUMAN,Security and account access requires verification,ESCALATE_HUMAN,SECURITY_INTENT: Account access or security compromise requires verification; LOW_CONFIDENCE: Classifier confidence (0.30) below threshold (0.45),True,TRUE_POSITIVE
93,IHGService,"I'm at a @117163 in Arkansas and the wireless is totally unprotected — as in no password, no agreement. Nothing. It's just open, freely accessible wireless. I'm using my phone as a hotspot.",account_access_security,account_access_security,0.2838,0.1212,ESCALATE_HUMAN,Security and account access requires verification,ESCALATE_HUMAN,SECURITY_INTENT: Account access or security compromise requires verification; LOW_CONFIDENCE: Classifier confidence (0.28) below threshold (0.45); WEAK_GROUNDING: Top retrieval similarity (0.12) below threshold (0.15),True,TRUE_POSITIVE
94,AppleSupport,"@AppleSupport Hello, I need some help regarding the region change on my Apple ID",account_access_security,account_access_security,0.228,0.2756,ESCALATE_HUMAN,Security and account access requires verification,ESCALATE_HUMAN,SECURITY_INTENT: Account access or security compromise requires verification; LOW_CONFIDENCE: Classifier confidence (0.23) below threshold (0.45),True,TRUE_POSITIVE
95,TMobileHelp,"Hey @115911 I’ve been on hold for 45+ mins just trying to activate a new phone. No updates from the rep, not sure if I should keep waiting? https://t.co/V5v2zdQcQN",account_access_security,complaint_poor_service,0.3684,0.1801,ESCALATE_HUMAN,Security and account access requires verification,ESCALATE_HUMAN,SEVERE_COMPLAINT: High-risk negative customer experience escalation; LOW_CONFIDENCE: Classifier confidence (0.37) below threshold (0.45),True,TRUE_POSITIVE
96,AmazonHelp,Well I did wanna join @115821 prime but for some dumb ass reason I'm locked out my account waiting for a email nice @115821,account_access_security,account_access_security,0.3003,0.291,ESCALATE_HUMAN,Security and account access requires verification,ESCALATE_HUMAN,SECURITY_INTENT: Account access or security compromise requires verification; LOW_CONFIDENCE: Classifier confidence (0.30) below threshold (0.45),True,TRUE_POSITIVE
97,Tesco,@Tesco why has your website not allowed me to sign in for over 4 hours when I’m trying to purchase something on offer which ends at midnight?! Will this offer be honoured when it eventually works?,account_access_security,account_access_security,0.183,0.1681,ESCALATE_HUMAN,Security and account access requires verification,ESCALATE_HUMAN,SECURITY_INTENT: Account access or security compromise requires verification; LOW_CONFIDENCE: Classifier confidence (0.18) below threshold (0.45),True,TRUE_POSITIVE
98,DropboxSupport,@118189 Hi I no longer have access to the mail I use as login and it says my password has expired...,account_access_security,account_access_security,0.4393,0.0407,ESCALATE_HUMAN,Security and account access requires verification,ESCALATE_HUMAN,SECURITY_INTENT: Account access or security compromise requires verification; LOW_CONFIDENCE: Classifier confidence (0.44) below threshold (0.45); WEAK_GROUNDING: Top retrieval similarity (0.04) below threshold (0.15),True,TRUE_POSITIVE
99,XboxSupport,@XboxSupport changed my password and everything but this keeps happening ? #XboxHelp https://t.co/D966DiyeMv,account_access_security,account_access_security,0.4598,0.2998,ESCALATE_HUMAN,Security and account access requires verification,ESCALATE_HUMAN,SECURITY_INTENT: Account access or security compromise requires verification,True,TRUE_POSITIVE
100,SpotifyCares,I logged out of my @115888 account to try and fix local files not showing on my phone but now I’m locked out because my @188 account is erroring out. 😡 https://t.co/fQf9RL0dpi,account_access_security,account_access_security,0.45,0.2037,ESCALATE_HUMAN,Security and account access requires verification,ESCALATE_HUMAN,SECURITY_INTENT: Account access or security compromise requires verification; LOW_CONFIDENCE: Classifier confidence (0.45) below threshold (0.45),True,TRUE_POSITIVE
101,ATT,@ATT where you pay a lot of money for no internet...,service_outage_connectivity,service_outage_connectivity,0.2424,0.2158,AUTO_HANDLE,Standard status or troubleshooting guidance,ESCALATE_HUMAN,LOW_CONFIDENCE: Classifier confidence (0.24) below threshold (0.45),False,FALSE_POSITIVE
102,sprintcare,@sprintcare is there an outage in the Minneapolis/St. Paul Minnesota area?,service_outage_connectivity,service_outage_connectivity,0.706,0.3053,AUTO_HANDLE,Standard status or troubleshooting guidance,AUTO_HANDLE,High intent confidence (0.71) and strong historical grounding (0.31) for routine 'service_outage_connectivity' without risk triggers.,True,TRUE_NEGATIVE
103,comcastcares,I love how a hardware problem with a @116136 router just cost me three entire days of work. Lot of fun.,service_outage_connectivity,service_outage_connectivity,0.1468,0.1775,AUTO_HANDLE,Standard status or troubleshooting guidance,ESCALATE_HUMAN,LOW_CONFIDENCE: Classifier confidence (0.15) below threshold (0.45),False,FALSE_POSITIVE
104,ATT,Either my phone is on the fritz already or @ATT is having an intermittent outage they're not telling people about 🤔,service_outage_connectivity,service_outage_connectivity,0.168,0.1966,AUTO_HANDLE,Standard status or troubleshooting guidance,ESCALATE_HUMAN,LOW_CONFIDENCE: Classifier confidence (0.17) below threshold (0.45),False,FALSE_POSITIVE
105,CoxHelp,@CoxHelp Is there an internet outage currently?,service_outage_connectivity,service_outage_connectivity,0.7853,0.474,AUTO_HANDLE,Standard status or troubleshooting guidance,AUTO_HANDLE,High intent confidence (0.79) and strong historical grounding (0.47) for routine 'service_outage_connectivity' without risk triggers.,True,TRUE_NEGATIVE
106,Ask_Spectrum,@115955 @Ask_Spectrum if there's going to be an outage at least have the decency to send an email...it ALWAYS happens around midnight 🤔,service_outage_connectivity,service_outage_connectivity,0.4312,0.2462,AUTO_HANDLE,Standard status or troubleshooting guidance,ESCALATE_HUMAN,LOW_CONFIDENCE: Classifier confidence (0.43) below threshold (0.45),False,FALSE_POSITIVE
107,O2,"@O2 my getting no signal 3G or neither 4g , thank god my contract is up",service_outage_connectivity,service_outage_connectivity,0.2003,0.2407,AUTO_HANDLE,Standard status or troubleshooting guidance,ESCALATE_HUMAN,LOW_CONFIDENCE: Classifier confidence (0.20) below threshold (0.45),False,FALSE_POSITIVE
108,Ask_Spectrum,"My experience with @115955 every week:

Worst news: No internet connection.

Bad news: Tweets about outage appear in cluttered search results due to brand name. 

Good news: Spotted a lot of positive and encouraging tweets about Autism.",service_outage_connectivity,service_outage_connectivity,0.3334,0.164,ESCALATE_HUMAN,Escalated severity or negative sentiment,ESCALATE_HUMAN,LOW_CONFIDENCE: Classifier confidence (0.33) below threshold (0.45),True,TRUE_POSITIVE
109,sprintcare,@626 can we begin an investigation into why @115714 has failed its RI customers during an emergency and power outage?,service_outage_connectivity,service_outage_connectivity,0.2157,0.1595,AUTO_HANDLE,Standard status or troubleshooting guidance,ESCALATE_HUMAN,LOW_CONFIDENCE: Classifier confidence (0.22) below threshold (0.45),False,FALSE_POSITIVE
110,comcastcares,"@comcastcares Internet down, again. 7th time this month, I believe. 95608.",service_outage_connectivity,service_outage_connectivity,0.4467,0.2454,AUTO_HANDLE,Standard status or troubleshooting guidance,ESCALATE_HUMAN,LOW_CONFIDENCE: Classifier confidence (0.45) below threshold (0.45),False,FALSE_POSITIVE
111,TMobileHelp,When @115911 is charging you $200 the month you had no signal...,service_outage_connectivity,service_outage_connectivity,0.192,0.2525,AUTO_HANDLE,Standard status or troubleshooting guidance,ESCALATE_HUMAN,LOW_CONFIDENCE: Classifier confidence (0.19) below threshold (0.45),False,FALSE_POSITIVE
112,ATT,@ATT @117735 any update on the outage in Austin? Is service being restored soon??,service_outage_connectivity,service_outage_connectivity,0.3358,0.2354,AUTO_HANDLE,Standard status or troubleshooting guidance,ESCALATE_HUMAN,LOW_CONFIDENCE: Classifier confidence (0.34) below threshold (0.45),False,FALSE_POSITIVE
113,O2,Once again generic responses from @O2 - still absolutely no signal in Radlett. Avoid using the network at all costs.,service_outage_connectivity,service_outage_connectivity,0.1876,0.2308,AUTO_HANDLE,Standard status or troubleshooting guidance,ESCALATE_HUMAN,LOW_CONFIDENCE: Classifier confidence (0.19) below threshold (0.45),False,FALSE_POSITIVE
114,sprintcare,@sprintcare do you have a outage in the Minneapolis area today,service_outage_connectivity,service_outage_connectivity,0.3322,0.163,AUTO_HANDLE,Standard status or troubleshooting guidance,ESCALATE_HUMAN,LOW_CONFIDENCE: Classifier confidence (0.33) below threshold (0.45),False,FALSE_POSITIVE
115,Ask_Spectrum,@Ask_Spectrum Seriously. You guys need to get your crap together. Internet up and down for days in Texas.,service_outage_connectivity,service_outage_connectivity,0.3654,0.26,AUTO_HANDLE,Standard status or troubleshooting guidance,ESCALATE_HUMAN,LOW_CONFIDENCE: Classifier confidence (0.37) below threshold (0.45),False,FALSE_POSITIVE
116,TMobileHelp,@TMobileHelp Having a bit of an issue with signal in our area. No signal here at all now. Can you advise?,service_outage_connectivity,service_outage_connectivity,0.3134,0.339,AUTO_HANDLE,Standard status or troubleshooting guidance,ESCALATE_HUMAN,LOW_CONFIDENCE: Classifier confidence (0.31) below threshold (0.45),False,FALSE_POSITIVE
117,CoxHelp,@CoxHelp Reactivating previous modem. Stuck in registration mode. On phone for 1hr. No internet!!! Help!!!!,service_outage_connectivity,service_outage_connectivity,0.5433,0.2019,AUTO_HANDLE,Standard status or troubleshooting guidance,AUTO_HANDLE,High intent confidence (0.54) and strong historical grounding (0.20) for routine 'service_outage_connectivity' without risk triggers.,True,TRUE_NEGATIVE
118,O2,@O2 any idea why I have no signal at all today?!,service_outage_connectivity,service_outage_connectivity,0.2319,0.2667,AUTO_HANDLE,Standard status or troubleshooting guidance,ESCALATE_HUMAN,LOW_CONFIDENCE: Classifier confidence (0.23) below threshold (0.45),False,FALSE_POSITIVE
119,comcastcares,@comcastcares is this where I report an outage?,service_outage_connectivity,service_outage_connectivity,0.5389,0.3867,AUTO_HANDLE,Standard status or troubleshooting guidance,AUTO_HANDLE,High intent confidence (0.54) and strong historical grounding (0.39) for routine 'service_outage_connectivity' without risk triggers.,True,TRUE_NEGATIVE
120,CoxHelp,@CoxHelp is there a power internet outage in Santa Barbara. I reset everything and it's still not working?!?! Help,service_outage_connectivity,service_outage_connectivity,0.6399,0.4702,AUTO_HANDLE,Standard status or troubleshooting guidance,AUTO_HANDLE,High intent confidence (0.64) and strong historical grounding (0.47) for routine 'service_outage_connectivity' without risk triggers.,True,TRUE_NEGATIVE
121,SW_Help,"@SW_Help hiya, I bought a ticket that wasn’t valid until 11:16 this morning and as I’m running late had to get another ticket, is it possible to get a refund on the first ticket please?",subscription_cancellation_refund,subscription_cancellation_refund,0.3657,0.238,ESCALATE_HUMAN,Financial/Ticketing transactional action required,ESCALATE_HUMAN,LOW_CONFIDENCE: Classifier confidence (0.37) below threshold (0.45),True,TRUE_POSITIVE
122,DropboxSupport,"@DropboxSupport I was just charged a renewal fee, but wasn't notified by email. I need to cancel and have you refund the money. can you help or is there a phone number that I can use?",subscription_cancellation_refund,subscription_cancellation_refund,0.2633,0.1976,ESCALATE_HUMAN,Financial/Ticketing transactional action required,ESCALATE_HUMAN,LOW_CONFIDENCE: Classifier confidence (0.26) below threshold (0.45),True,TRUE_POSITIVE
123,Delta,@Delta prices for a flight I booked last month have dropped. Is there any way to get a refund/credit for the difference? Amex card holder.,subscription_cancellation_refund,subscription_cancellation_refund,0.4011,0.1867,ESCALATE_HUMAN,Financial/Ticketing transactional action required,ESCALATE_HUMAN,LOW_CONFIDENCE: Classifier confidence (0.40) below threshold (0.45),True,TRUE_POSITIVE
124,SpotifyCares,@SpotifyCares Help. My brother can’t get into his account & doesn’t have that email anymore.. how does he cancel premium??,subscription_cancellation_refund,account_access_security,0.2705,0.1762,AUTO_HANDLE,Standard status or troubleshooting guidance,ESCALATE_HUMAN,SECURITY_INTENT: Account access or security compromise requires verification; LOW_CONFIDENCE: Classifier confidence (0.27) below threshold (0.45),False,FALSE_POSITIVE
125,ArgosHelpers,@ArgosHelpers I’ve never been so humiliated as I’ve just been by Gemma manger of silvelink Argos who mistook my deftness as me being loud didn’t like my tone after coming back to return a item. I’m seeing a solicitor tomorrow,subscription_cancellation_refund,billing_payment_dispute,0.1624,0.3025,AUTO_HANDLE,Standard status or troubleshooting guidance,ESCALATE_HUMAN,LOW_CONFIDENCE: Classifier confidence (0.16) below threshold (0.45),False,FALSE_POSITIVE
126,AskTarget,@116062 you sent me an email requesting I confirm new delivery date or you will cancel my order. Link doesn't lead anywhere. I don't want my order cancelled. Please advise. Thanks!,subscription_cancellation_refund,order_delivery_issue,0.2014,0.1369,ESCALATE_HUMAN,Financial/Ticketing transactional action required,ESCALATE_HUMAN,LOW_CONFIDENCE: Classifier confidence (0.20) below threshold (0.45); WEAK_GROUNDING: Top retrieval similarity (0.14) below threshold (0.15),True,TRUE_POSITIVE
127,askpanera,@116253 I wasn’t given the fruit cup I ordered online. How can I get a refund for that?,subscription_cancellation_refund,subscription_cancellation_refund,0.4254,0.1724,ESCALATE_HUMAN,Financial/Ticketing transactional action required,ESCALATE_HUMAN,LOW_CONFIDENCE: Classifier confidence (0.43) below threshold (0.45),True,TRUE_POSITIVE
128,SpotifyCares,"Had @115888 for 5 years, canceling my subscription. WORST customer service ive ever had. About to get @115948",subscription_cancellation_refund,complaint_poor_service,0.4149,0.2306,ESCALATE_HUMAN,Escalated severity or negative sentiment,ESCALATE_HUMAN,SEVERE_COMPLAINT: High-risk negative customer experience escalation; LOW_CONFIDENCE: Classifier confidence (0.41) below threshold (0.45),True,TRUE_POSITIVE
129,idea_cares,"@116331 Please don't dupe yr customers. Either refund my money or provide the services for which I have already paid.
@116588 @116589 https://t.co/jvWVbHoEcz",subscription_cancellation_refund,subscription_cancellation_refund,0.5311,0.2362,ESCALATE_HUMAN,Financial/Ticketing transactional action required,ESCALATE_HUMAN,ACCOUNT_ACTION_REQUIRED: Direct financial refund request requiring ledger approval,True,TRUE_POSITIVE
130,AskLyft,@AskLyft can I get a refund? I didn’t even get accepted by a driver before I canceled and still got charged $16.,subscription_cancellation_refund,subscription_cancellation_refund,0.3859,0.2458,ESCALATE_HUMAN,Financial/Ticketing transactional action required,ESCALATE_HUMAN,LOW_CONFIDENCE: Classifier confidence (0.39) below threshold (0.45),True,TRUE_POSITIVE
131,SpotifyCares,@115888 I DON'T GET PAID TIL NEXT WEEK PLEASE DON'T CANCEL MY PREMIUM PLAN BECAUSE I DON'T GET PAID ENOUGH MUSIC IS THE ONLY THING GETTING ME THROUGH THIS DARK TIME OF POORNESS,subscription_cancellation_refund,subscription_cancellation_refund,0.2253,0.2046,ESCALATE_HUMAN,Financial/Ticketing transactional action required,ESCALATE_HUMAN,LOW_CONFIDENCE: Classifier confidence (0.23) below threshold (0.45),True,TRUE_POSITIVE
132,AskPayPal,@115993 How long does it take for a refund to be completed and money to be put onto the debit card the payment was on?,subscription_cancellation_refund,subscription_cancellation_refund,0.2685,0.1989,ESCALATE_HUMAN,Financial/Ticketing transactional action required,ESCALATE_HUMAN,LOW_CONFIDENCE: Classifier confidence (0.27) below threshold (0.45),True,TRUE_POSITIVE
133,AskTarget,@116062 what’s the easiest way to get a refund on 3 market pantry pizzas that were expired. My pepperoni was all grey. Dinner was ruined. Must be why it was 25% off on Cartwheel.,subscription_cancellation_refund,subscription_cancellation_refund,0.405,0.1463,ESCALATE_HUMAN,Financial/Ticketing transactional action required,ESCALATE_HUMAN,LOW_CONFIDENCE: Classifier confidence (0.40) below threshold (0.45); WEAK_GROUNDING: Top retrieval similarity (0.15) below threshold (0.15),True,TRUE_POSITIVE
134,Uber_Support,@115873 someone has taken my taxi and my account has been charged. Please can I get a refund?,subscription_cancellation_refund,billing_payment_dispute,0.2621,0.2563,ESCALATE_HUMAN,Financial/Ticketing transactional action required,ESCALATE_HUMAN,LOW_CONFIDENCE: Classifier confidence (0.26) below threshold (0.45),True,TRUE_POSITIVE
135,VirginTrains,@VirginTrains how do I get a refund on an open return ticket? On the Preston-London train and it's knackered! About two hours late.,subscription_cancellation_refund,subscription_cancellation_refund,0.2864,0.2171,ESCALATE_HUMAN,Financial/Ticketing transactional action required,ESCALATE_HUMAN,LOW_CONFIDENCE: Classifier confidence (0.29) below threshold (0.45),True,TRUE_POSITIVE
136,AskPapaJohns,Yo Papa @116076 you're seriously charging $0.25 per packet of crushed red pepper and parm cheese? Refund my money.,subscription_cancellation_refund,subscription_cancellation_refund,0.4003,0.1976,ESCALATE_HUMAN,Financial/Ticketing transactional action required,ESCALATE_HUMAN,ACCOUNT_ACTION_REQUIRED: Direct financial refund request requiring ledger approval; LOW_CONFIDENCE: Classifier confidence (0.40) below threshold (0.45),True,TRUE_POSITIVE
137,GloCare,@GloCare please refund money deducted from my line 09055635732 for no reason,subscription_cancellation_refund,subscription_cancellation_refund,0.4681,0.1838,ESCALATE_HUMAN,Financial/Ticketing transactional action required,AUTO_HANDLE,High intent confidence (0.47) and strong historical grounding (0.18) for routine 'subscription_cancellation_refund' without risk triggers.,False,FALSE_NEGATIVE
138,SouthwestAir,@SouthwestAir how come when you cancel my flight my early bird doesn’t transfer? Do I️ get a refund? Horrible customer service at MCO today,subscription_cancellation_refund,subscription_cancellation_refund,0.3281,0.2072,ESCALATE_HUMAN,Financial/Ticketing transactional action required,ESCALATE_HUMAN,ACCOUNT_ACTION_REQUIRED: Live travel rebooking requiring ticketing authority; LOW_CONFIDENCE: Classifier confidence (0.33) below threshold (0.45),True,TRUE_POSITIVE
139,AmazonHelp,"@AmazonHelp 
I want to cancel my order. Its showing this shit. Can I say fu**off to amazon for this kind of response. https://t.co/nTl7UtpIf8",subscription_cancellation_refund,subscription_cancellation_refund,0.3036,0.2723,ESCALATE_HUMAN,Financial/Ticketing transactional action required,ESCALATE_HUMAN,LOW_CONFIDENCE: Classifier confidence (0.30) below threshold (0.45),True,TRUE_POSITIVE
140,Uber_Support,Hey @115877 I didn’t get the NUGGETS I ORDERED I want a refund lol,subscription_cancellation_refund,subscription_cancellation_refund,0.5181,0.3519,ESCALATE_HUMAN,Financial/Ticketing transactional action required,AUTO_HANDLE,High intent confidence (0.52) and strong historical grounding (0.35) for routine 'subscription_cancellation_refund' without risk triggers.,False,FALSE_NEGATIVE
141,AldiUK,@AldiUK when are you getting your chocolate Irish cream liquor in stock?,product_inquiry_availability,product_inquiry_availability,0.4987,0.2535,AUTO_HANDLE,Routine praise or public product inquiry,AUTO_HANDLE,High intent confidence (0.50) and strong historical grounding (0.25) for routine 'product_inquiry_availability' without risk triggers.,True,TRUE_NEGATIVE
142,AldiUK,@AldiUK will you be having any more of the wooden advent calendars in? Out of stock online & tried 3 local stores with no luck ☹️,product_inquiry_availability,product_inquiry_availability,0.3578,0.1788,AUTO_HANDLE,Routine praise or public product inquiry,ESCALATE_HUMAN,LOW_CONFIDENCE: Classifier confidence (0.36) below threshold (0.45),False,FALSE_POSITIVE
143,AldiUK,@AldiUK Are you ever getting your Lacura face wipes back in stock? It's been WEEKS 😢,product_inquiry_availability,product_inquiry_availability,0.4628,0.2133,AUTO_HANDLE,Routine praise or public product inquiry,AUTO_HANDLE,High intent confidence (0.46) and strong historical grounding (0.21) for routine 'product_inquiry_availability' without risk triggers.,True,TRUE_NEGATIVE
144,AppleSupport,"@AppleSupport we already have the prices for iPhone X here in Brazil, can you guys give us a release date or at least a window?",product_inquiry_availability,product_inquiry_availability,0.1568,0.1551,AUTO_HANDLE,Routine praise or public product inquiry,ESCALATE_HUMAN,LOW_CONFIDENCE: Classifier confidence (0.16) below threshold (0.45),False,FALSE_POSITIVE
145,ArgosHelpers,"@ArgosHelpers Hi, I received a delivery (order number 1219342752) with 2x the same box (549/9025) . Is this possible to send me the other one or that I can collect it at Argos reading forbury ? (looks like they have it in stock) https://t.co/vsnJCSjMri",product_inquiry_availability,product_inquiry_availability,0.2441,0.2232,AUTO_HANDLE,Routine praise or public product inquiry,ESCALATE_HUMAN,LOW_CONFIDENCE: Classifier confidence (0.24) below threshold (0.45),False,FALSE_POSITIVE
146,ArgosHelpers,"@ArgosHelpers Tried to order half price MAX robot at weekend and it was out of stock, no pre-order available anywhere. Pre order is suddenly available from ALL stores when the item is back to #fullprice. Please explain. #notfair",product_inquiry_availability,product_inquiry_availability,0.3337,0.1735,AUTO_HANDLE,Routine praise or public product inquiry,ESCALATE_HUMAN,LOW_CONFIDENCE: Classifier confidence (0.33) below threshold (0.45),False,FALSE_POSITIVE
147,ArgosHelpers,So disappointed to not receive NFS Payback on release date as promised by @116245 Inaccurate texts promising delivery also unfair!,product_inquiry_availability,order_delivery_issue,0.2401,0.2275,AUTO_HANDLE,Routine praise or public product inquiry,ESCALATE_HUMAN,LOW_CONFIDENCE: Classifier confidence (0.24) below threshold (0.45),False,FALSE_POSITIVE
148,AskTarget,What's the point of pre ordering an album if I get it a week later than the release date? @116062,product_inquiry_availability,product_inquiry_availability,0.2161,0.2486,AUTO_HANDLE,Routine praise or public product inquiry,ESCALATE_HUMAN,LOW_CONFIDENCE: Classifier confidence (0.22) below threshold (0.45),False,FALSE_POSITIVE
149,AskTarget,"@116062 Cyber Mon epic fail Item avail, unable to purchase due 2 web issues. Store aware. 2 hr hold w CS claimed ""sold out"" & wl email when in stock + call back Tues ""no manager on duty"". No call back or email, item IN STOCK FULL price!!",product_inquiry_availability,product_inquiry_availability,0.406,0.1407,AUTO_HANDLE,Routine praise or public product inquiry,ESCALATE_HUMAN,CRITICAL_KEYWORD: Explicit customer request for human agent; LOW_CONFIDENCE: Classifier confidence (0.41) below threshold (0.45); WEAK_GROUNDING: Top retrieval similarity (0.14) below threshold (0.15),False,FALSE_POSITIVE
150,Tesco,"@Tesco Hi, I bought these (https://t.co/AjBxwsZKuu) candles to use when I proposed to my girlfriend. We're now looking to buy them for our wedding, do you know if they'll come back in stock? Or a store where I can buy them? Thanks",product_inquiry_availability,product_inquiry_availability,0.2991,0.3712,AUTO_HANDLE,Routine praise or public product inquiry,ESCALATE_HUMAN,LOW_CONFIDENCE: Classifier confidence (0.30) below threshold (0.45),False,FALSE_POSITIVE
151,marksandspencer,@marksandspencer Hello! Are you getting any more of these in stock? https://t.co/Nx33K3zz38,product_inquiry_availability,product_inquiry_availability,0.4944,0.345,AUTO_HANDLE,Routine praise or public product inquiry,AUTO_HANDLE,High intent confidence (0.49) and strong historical grounding (0.34) for routine 'product_inquiry_availability' without risk triggers.,True,TRUE_NEGATIVE
152,marksandspencer,@marksandspencer when are you getting more maternity jeans in stock? Majority of sizes are out.,product_inquiry_availability,product_inquiry_availability,0.5828,0.2373,AUTO_HANDLE,Routine praise or public product inquiry,AUTO_HANDLE,High intent confidence (0.58) and strong historical grounding (0.24) for routine 'product_inquiry_availability' without risk triggers.,True,TRUE_NEGATIVE
153,sainsburys,@sainsburys Hi any info when ny more SNES classics would be in stock at the Bolton town centre branch? I rang bt they didnt hav any info. TY,product_inquiry_availability,product_inquiry_availability,0.2908,0.165,AUTO_HANDLE,Routine praise or public product inquiry,ESCALATE_HUMAN,LOW_CONFIDENCE: Classifier confidence (0.29) below threshold (0.45),False,FALSE_POSITIVE
154,sainsburys,@sainsburys why wouldn't you have in stock a massive game like super Mario on day of release! Very angry and disappointed in this company!,product_inquiry_availability,product_inquiry_availability,0.3165,0.1666,AUTO_HANDLE,Routine praise or public product inquiry,ESCALATE_HUMAN,LOW_CONFIDENCE: Classifier confidence (0.32) below threshold (0.45),False,FALSE_POSITIVE
155,ArgosHelpers,"@ArgosHelpers Hi do you have item number 725/4811 in stock in the santry branch, it doesn't tell me on your webpage. thanks.",product_inquiry_availability,product_inquiry_availability,0.4461,0.2343,AUTO_HANDLE,Routine praise or public product inquiry,ESCALATE_HUMAN,LOW_CONFIDENCE: Classifier confidence (0.45) below threshold (0.45),False,FALSE_POSITIVE
156,ArgosHelpers,@116245 what is the point of advertising something on sale for it to NEVER be in stock?!!! #legonexoknights,product_inquiry_availability,product_inquiry_availability,0.2843,0.2049,AUTO_HANDLE,Routine praise or public product inquiry,ESCALATE_HUMAN,LOW_CONFIDENCE: Classifier confidence (0.28) below threshold (0.45),False,FALSE_POSITIVE
157,ArgosHelpers,@ArgosHelpers will the CBeebies Sweet Dreams with Squidgeby 618/1961 be back in stock before Christmas?,product_inquiry_availability,product_inquiry_availability,0.4751,0.4215,AUTO_HANDLE,Routine praise or public product inquiry,AUTO_HANDLE,High intent confidence (0.48) and strong historical grounding (0.42) for routine 'product_inquiry_availability' without risk triggers.,True,TRUE_NEGATIVE
158,ArgosHelpers,"@116245 I tired to buy an item off your website, as it said it was in stock for home delivery, got to the next stage then it said it’s out of stock at my local warehouse. What’s the deal with that? Now it’s out of stock all together. 😢",product_inquiry_availability,product_inquiry_availability,0.3434,0.2023,AUTO_HANDLE,Routine praise or public product inquiry,ESCALATE_HUMAN,LOW_CONFIDENCE: Classifier confidence (0.34) below threshold (0.45),False,FALSE_POSITIVE
159,ArgosHelpers,"@116245 hello, are you getting any more crawl around car's in stock? Not available anywhere",product_inquiry_availability,product_inquiry_availability,0.4121,0.2224,AUTO_HANDLE,Routine praise or public product inquiry,ESCALATE_HUMAN,LOW_CONFIDENCE: Classifier confidence (0.41) below threshold (0.45),False,FALSE_POSITIVE
160,ArgosHelpers,@116245 what is the point of listing items on your site & being able to add it to the basket when it is out of stock for collection and delivery?? #Argos #frustrating :-(,product_inquiry_availability,product_inquiry_availability,0.2942,0.2004,AUTO_HANDLE,Routine praise or public product inquiry,ESCALATE_HUMAN,LOW_CONFIDENCE: Classifier confidence (0.29) below threshold (0.45),False,FALSE_POSITIVE
161,JetBlue,I am never flying @JetBlue ever again... I have had the worst customer service in the last 24hrs getting from sfo fo ft Lauderdale!,complaint_poor_service,complaint_poor_service,0.5499,0.1686,ESCALATE_HUMAN,Customer complaint requiring service recovery,ESCALATE_HUMAN,SEVERE_COMPLAINT: High-risk negative customer experience escalation,True,TRUE_POSITIVE
162,VirginTrains,.@VirginTrains I’m trying to get through on the phone to book bicycles onto services. Ive been on hold for ages? Any help available?,complaint_poor_service,complaint_poor_service,0.3804,0.2606,ESCALATE_HUMAN,Customer complaint requiring service recovery,ESCALATE_HUMAN,SEVERE_COMPLAINT: High-risk negative customer experience escalation; LOW_CONFIDENCE: Classifier confidence (0.38) below threshold (0.45),True,TRUE_POSITIVE
163,JetBlue,@JetBlue I am trying to get through customer service. Was on hold for over 10 mins. Then line got disconnected. Plz help!,complaint_poor_service,complaint_poor_service,0.6558,0.1106,ESCALATE_HUMAN,Customer complaint requiring service recovery,ESCALATE_HUMAN,SEVERE_COMPLAINT: High-risk negative customer experience escalation; WEAK_GROUNDING: Top retrieval similarity (0.11) below threshold (0.15),True,TRUE_POSITIVE
164,hulu_support,"@hulu_support hey bighead, ive been on hold for an hour, answer me pls 😫😘",complaint_poor_service,complaint_poor_service,0.5144,0.1782,ESCALATE_HUMAN,Customer complaint requiring service recovery,ESCALATE_HUMAN,SEVERE_COMPLAINT: High-risk negative customer experience escalation,True,TRUE_POSITIVE
165,Delta,@Delta charged me double for one flight and now has me on hold for 25 min now. What a lovely first experience,complaint_poor_service,complaint_poor_service,0.3301,0.1862,ESCALATE_HUMAN,Customer complaint requiring service recovery,ESCALATE_HUMAN,SEVERE_COMPLAINT: High-risk negative customer experience escalation; LOW_CONFIDENCE: Classifier confidence (0.33) below threshold (0.45),True,TRUE_POSITIVE
166,Uber_Support,Had the worst customer service on the planet today courtesy of my @115873 driver...Is there a number I can call about this guy? I want my money back and I took his plate number,complaint_poor_service,complaint_poor_service,0.2468,0.251,ESCALATE_HUMAN,Customer complaint requiring service recovery,ESCALATE_HUMAN,SEVERE_COMPLAINT: High-risk negative customer experience escalation; LOW_CONFIDENCE: Classifier confidence (0.25) below threshold (0.45),True,TRUE_POSITIVE
167,AskPayPal,"Omg horrible customer service from @AskPayPal @115993 , so not responsive , honestly no help .",complaint_poor_service,complaint_poor_service,0.4513,0.3166,ESCALATE_HUMAN,Customer complaint requiring service recovery,ESCALATE_HUMAN,SEVERE_COMPLAINT: High-risk negative customer experience escalation,True,TRUE_POSITIVE
168,ChaseSupport,"@116016 been on hold for over an hour, still no refund on refundable tickets for which I’m paying, terrible service",complaint_poor_service,complaint_poor_service,0.5299,0.1388,ESCALATE_HUMAN,Financial/Ticketing transactional action required,ESCALATE_HUMAN,SEVERE_COMPLAINT: High-risk negative customer experience escalation; WEAK_GROUNDING: Top retrieval similarity (0.14) below threshold (0.15),True,TRUE_POSITIVE
169,AmazonHelp,@AmazonHelp @115821 Horrible Customer Service Experience. Thanks Tatiana B and cohorts from the Caribbean Islands. Geez....First Time ever.,complaint_poor_service,complaint_poor_service,0.4926,0.2556,ESCALATE_HUMAN,Customer complaint requiring service recovery,ESCALATE_HUMAN,SEVERE_COMPLAINT: High-risk negative customer experience escalation,True,TRUE_POSITIVE
170,IHGService,Definitely verified my decision to never stay at a @117164 when the front desk at LAX had horrible customer service.,complaint_poor_service,complaint_poor_service,0.3839,0.2066,ESCALATE_HUMAN,Customer complaint requiring service recovery,ESCALATE_HUMAN,SEVERE_COMPLAINT: High-risk negative customer experience escalation; LOW_CONFIDENCE: Classifier confidence (0.38) below threshold (0.45),True,TRUE_POSITIVE
171,AmericanAir,When @AmericanAir hangs up on you after being on hold for 17 minutes 🙃🙃,complaint_poor_service,complaint_poor_service,0.5425,0.141,ESCALATE_HUMAN,Customer complaint requiring service recovery,ESCALATE_HUMAN,SEVERE_COMPLAINT: High-risk negative customer experience escalation; WEAK_GROUNDING: Top retrieval similarity (0.14) below threshold (0.15),True,TRUE_POSITIVE
172,AlaskaAir,Probably going to get no sleep tonight waiting on hold for @AlaskaAir ...,complaint_poor_service,complaint_poor_service,0.4209,0.1844,ESCALATE_HUMAN,Customer complaint requiring service recovery,ESCALATE_HUMAN,SEVERE_COMPLAINT: High-risk negative customer experience escalation; LOW_CONFIDENCE: Classifier confidence (0.42) below threshold (0.45),True,TRUE_POSITIVE
173,AmazonHelp,"Dear @AmazonHelp @115850
155/65 R14 Doesnt Fit Honda City, Y Do u Say it Fits! Liars! Cheat!
Multiple Different Level Complain Goes Futile https://t.co/hnEdQLujbj",complaint_poor_service,order_delivery_issue,0.1801,0.1895,ESCALATE_HUMAN,Customer complaint requiring service recovery,ESCALATE_HUMAN,LOW_CONFIDENCE: Classifier confidence (0.18) below threshold (0.45),True,TRUE_POSITIVE
174,VerizonSupport,@VerizonSupport been on hold for a half hour already and haven’t been able to talk to a single person. What do I pay for?,complaint_poor_service,complaint_poor_service,0.4021,0.2297,ESCALATE_HUMAN,Customer complaint requiring service recovery,ESCALATE_HUMAN,SEVERE_COMPLAINT: High-risk negative customer experience escalation; LOW_CONFIDENCE: Classifier confidence (0.40) below threshold (0.45),True,TRUE_POSITIVE
175,UPSHelp,@115817 @UPSHelp worst customer service ever! Signature auth online & still didn’t deliver iPhone x! have to wait until Monday! @AppleSupport,complaint_poor_service,complaint_poor_service,0.4164,0.3191,ESCALATE_HUMAN,Customer complaint requiring service recovery,ESCALATE_HUMAN,SEVERE_COMPLAINT: High-risk negative customer experience escalation; LOW_CONFIDENCE: Classifier confidence (0.42) below threshold (0.45),True,TRUE_POSITIVE
176,Ask_Spectrum,@Ask_Spectrum being on hold for 11 minutes and counting is poor seevice,complaint_poor_service,complaint_poor_service,0.5639,0.1294,ESCALATE_HUMAN,Customer complaint requiring service recovery,ESCALATE_HUMAN,SEVERE_COMPLAINT: High-risk negative customer experience escalation; WEAK_GROUNDING: Top retrieval similarity (0.13) below threshold (0.15),True,TRUE_POSITIVE
177,CenturyLinkHelp,"@116072 your company is 💩 worst service, worst customer service provide me the service I pay for!! 4 hours on 📞 no resolution wasted 🕰🖕",complaint_poor_service,complaint_poor_service,0.6358,0.1663,ESCALATE_HUMAN,Customer complaint requiring service recovery,ESCALATE_HUMAN,SEVERE_COMPLAINT: High-risk negative customer experience escalation,True,TRUE_POSITIVE
178,sprintcare,"@sprintcare rotten bunch of con artists!!! lousy customer service. go elsewhere, people. they are liars, con artists and thieves!!!",complaint_poor_service,complaint_poor_service,0.4873,0.2153,ESCALATE_HUMAN,Customer complaint requiring service recovery,ESCALATE_HUMAN,SEVERE_COMPLAINT: High-risk negative customer experience escalation,True,TRUE_POSITIVE
179,AskeBay,"@AskeBay when are you going to correct the inbalance for sellers, they need to be able to mark buyers as time wasters and liars.",complaint_poor_service,order_delivery_issue,0.1486,0.1939,ESCALATE_HUMAN,Customer complaint requiring service recovery,ESCALATE_HUMAN,LOW_CONFIDENCE: Classifier confidence (0.15) below threshold (0.45),True,TRUE_POSITIVE
180,AppleSupport,"@30053 Marietta GA store, some of the worst customer service. @115858, you should evaluate your bus. relationship with these clowns",complaint_poor_service,complaint_poor_service,0.5455,0.1444,ESCALATE_HUMAN,Customer complaint requiring service recovery,ESCALATE_HUMAN,SEVERE_COMPLAINT: High-risk negative customer experience escalation; WEAK_GROUNDING: Top retrieval similarity (0.14) below threshold (0.15),True,TRUE_POSITIVE
181,UPSHelp,"Thanks for losing my UBs, god this is why I fucking hate using @115817 LOL https://t.co/Za9NoJeOku",feedback_praise_resolution,feedback_praise_resolution,0.22,0.287,AUTO_HANDLE,Routine praise or public product inquiry,ESCALATE_HUMAN,LOW_CONFIDENCE: Classifier confidence (0.22) below threshold (0.45),False,FALSE_POSITIVE
182,AmazonHelp,"@115850 @AmazonHelp thanks for no help 

Efforts appreciated , Well Done",feedback_praise_resolution,feedback_praise_resolution,0.2294,0.3113,AUTO_HANDLE,Routine praise or public product inquiry,ESCALATE_HUMAN,LOW_CONFIDENCE: Classifier confidence (0.23) below threshold (0.45),False,FALSE_POSITIVE
183,AirAsiaSupport,"@AirAsiaSupport 

I am unable to do web checkin. I am getting the below error. Can you please check and revert?

Thank you. https://t.co/4V1fT0TH5x",feedback_praise_resolution,feedback_praise_resolution,0.2752,0.2187,AUTO_HANDLE,Routine praise or public product inquiry,ESCALATE_HUMAN,LOW_CONFIDENCE: Classifier confidence (0.28) below threshold (0.45),False,FALSE_POSITIVE
184,VirginAmerica,@VirginAmerica thank you for finding and returning my knitting bag i left on the SFO to Las Vegas trip! #HappyCustomer https://t.co/Pn7gOdgWyw,feedback_praise_resolution,feedback_praise_resolution,0.5604,0.1992,AUTO_HANDLE,Routine praise or public product inquiry,AUTO_HANDLE,High intent confidence (0.56) and strong historical grounding (0.20) for routine 'feedback_praise_resolution' without risk triggers.,True,TRUE_NEGATIVE
185,Safaricom_Care,@Safaricom_Care Evening kindly check DM thank you,feedback_praise_resolution,feedback_praise_resolution,0.6179,0.7143,AUTO_HANDLE,Routine praise or public product inquiry,AUTO_HANDLE,High intent confidence (0.62) and strong historical grounding (0.71) for routine 'feedback_praise_resolution' without risk triggers.,True,TRUE_NEGATIVE
186,SpotifyCares,@115888 I got disconnected from live chat with Laurice before I could finish saying thank you! Please pass along my gratitude!,feedback_praise_resolution,feedback_praise_resolution,0.2892,0.188,AUTO_HANDLE,Routine praise or public product inquiry,ESCALATE_HUMAN,LOW_CONFIDENCE: Classifier confidence (0.29) below threshold (0.45),False,FALSE_POSITIVE
187,British_Airways,"@British_Airways Aiden from Newcastle office ext number 7508 is an absolute legend! Buy him a pint, thanks for helping re sort my flights!👍🏼",feedback_praise_resolution,feedback_praise_resolution,0.1936,0.1728,AUTO_HANDLE,Routine praise or public product inquiry,ESCALATE_HUMAN,LOW_CONFIDENCE: Classifier confidence (0.19) below threshold (0.45),False,FALSE_POSITIVE
188,GWRHelp,Big thank you to Ash and Ray at Bristol Temple Meads for being so kind and helpful this morning. You made my day! @GWRHelp,feedback_praise_resolution,feedback_praise_resolution,0.3462,0.266,AUTO_HANDLE,Routine praise or public product inquiry,ESCALATE_HUMAN,LOW_CONFIDENCE: Classifier confidence (0.35) below threshold (0.45),False,FALSE_POSITIVE
189,comcastcares,@115900 Thanks for ruining the end of the #SJSharks game with your “weekly test.” Do it at fucking 3am when no one is watching anything.,feedback_praise_resolution,feedback_praise_resolution,0.1425,0.1532,AUTO_HANDLE,Routine praise or public product inquiry,ESCALATE_HUMAN,LOW_CONFIDENCE: Classifier confidence (0.14) below threshold (0.45),False,FALSE_POSITIVE
190,AmazonHelp,"@115821 Bought 2 Christmas sweaters, scheduled to be delivered today. Excited to see them, except I received an email from Amazon the order was cancelled, it couldn't be filled. Thank you Amazon for waiting until the delivery date to tell us!",feedback_praise_resolution,order_delivery_issue,0.3638,0.2019,AUTO_HANDLE,Routine praise or public product inquiry,ESCALATE_HUMAN,LOW_CONFIDENCE: Classifier confidence (0.36) below threshold (0.45),False,FALSE_POSITIVE
191,UPSHelp,"Dear @UPSHelp thanks for just leaving my package on the porch, in the rain and you didnt even ring the doorbell? So there it just sat.",feedback_praise_resolution,order_delivery_issue,0.2769,0.1958,AUTO_HANDLE,Routine praise or public product inquiry,ESCALATE_HUMAN,LOW_CONFIDENCE: Classifier confidence (0.28) below threshold (0.45),False,FALSE_POSITIVE
192,Uber_Support,"@Uber_Support Remedy & please refund my $5, that's breakfast money tomorrow, thank you. https://t.co/dT6DYbPZO6",feedback_praise_resolution,subscription_cancellation_refund,0.3322,0.3385,ESCALATE_HUMAN,Financial/Ticketing transactional action required,ESCALATE_HUMAN,LOW_CONFIDENCE: Classifier confidence (0.33) below threshold (0.45),True,TRUE_POSITIVE
193,ATVIAssist,Thanks for not allowing me to play a game I spent $100 on... @ATVIAssist @115754 @115765 #CODWWII #PS4share https://t.co/hA0nnCsi4B,feedback_praise_resolution,feedback_praise_resolution,0.3079,0.3082,AUTO_HANDLE,Routine praise or public product inquiry,ESCALATE_HUMAN,LOW_CONFIDENCE: Classifier confidence (0.31) below threshold (0.45),False,FALSE_POSITIVE
194,Uber_Support,"Thanks for delivering the wrong order KNOWINGLY, @115877 👌🏻 I ordered a large 10 nugget and large Big Mac, got delivered a medium quarter pounder meal. Javier better be enjoying my lunch because mine came COLD! https://t.co/JZDLNKSEeR",feedback_praise_resolution,order_delivery_issue,0.2111,0.1979,AUTO_HANDLE,Routine praise or public product inquiry,ESCALATE_HUMAN,LOW_CONFIDENCE: Classifier confidence (0.21) below threshold (0.45),False,FALSE_POSITIVE
195,AppleSupport,"My phone turns off by itself now & takes forever to turn back on. Thanks for fucking up my device, @115858 .",feedback_praise_resolution,technical_hardware_software_bug,0.2342,0.2243,AUTO_HANDLE,Routine praise or public product inquiry,ESCALATE_HUMAN,LOW_CONFIDENCE: Classifier confidence (0.23) below threshold (0.45),False,FALSE_POSITIVE
196,SpotifyCares,"@117153 Hi, Would you check a song 'Don't know why, Norah Jones' Because i cannot play it on my Mac. after 3 sec, it is skipped to the next song. Thank you.",feedback_praise_resolution,feedback_praise_resolution,0.2371,0.3185,AUTO_HANDLE,Routine praise or public product inquiry,ESCALATE_HUMAN,LOW_CONFIDENCE: Classifier confidence (0.24) below threshold (0.45),False,FALSE_POSITIVE
197,LondonMidland,Thank you @LondonMidland it's been a pleasure stood in the freezing cold at Northampton station for an HOUR AND A HALF at 11pm!!!!,feedback_praise_resolution,feedback_praise_resolution,0.2355,0.2437,AUTO_HANDLE,Routine praise or public product inquiry,ESCALATE_HUMAN,LOW_CONFIDENCE: Classifier confidence (0.24) below threshold (0.45),False,FALSE_POSITIVE
198,TMobileHelp,@TMobileHelp thanks for helping me! Seriously! 🙌🏽🙌🏽🙌🏽❤️❤️❤️,feedback_praise_resolution,feedback_praise_resolution,0.3267,0.1587,AUTO_HANDLE,Routine praise or public product inquiry,ESCALATE_HUMAN,LOW_CONFIDENCE: Classifier confidence (0.33) below threshold (0.45),False,FALSE_POSITIVE
199,sizehelpteam,"@sizehelpteam I need to speak to one of your team regarding an order.
 Thank you",feedback_praise_resolution,feedback_praise_resolution,0.2917,0.1853,AUTO_HANDLE,Routine praise or public product inquiry,ESCALATE_HUMAN,LOW_CONFIDENCE: Classifier confidence (0.29) below threshold (0.45),False,FALSE_POSITIVE
200,Delta,"@delta. Omg, the flight attendant on DL 1949 in first class was INCREDIBLE! This is the reason I continue to choose Delta - the people make such a difference. Thank you!",feedback_praise_resolution,flight_travel_disruption,0.2877,0.2376,AUTO_HANDLE,Routine praise or public product inquiry,ESCALATE_HUMAN,LOW_CONFIDENCE: Classifier confidence (0.29) below threshold (0.45),False,FALSE_POSITIVE
